Plataforma,Título,Preço (R$),Destaque,Link
Mercado Livre,Suporte Controle Ps5 Gamer De Mesa Organiza Protege Decora,34.0,Frete Grátis,https://click1.mercadolivre.com.br/mclics/clicks/external/MLB/count
Mercado Livre,Suporte Base Para Controle Compatível Com Ps5 Portal Gamer,69.0,Frete Grátis,https://click1.mercadolivre.com.br/mclics/clicks/external/MLB/count
Mercado Livre,Suporte Controle Ps5 Shiryu De Dragão Cavaleiros Do Zodíaco,220.0,Frete Grátis,https://click1.mercadolivre.com.br/mclics/clicks/external/MLB/count
Mercado Livre,Suporte Horizontal Compatível C/ Ps5 Slim Digital Play5 Cor Preto STELL3D,48.0,Padrão,https://click1.mercadolivre.com.br/mclics/clicks/external/MLB/count
Mercado Livre,Suporte Porta Controle De Videogame De Mesa Ps4 E Ps5 Em 3d,24.0,Padrão,https://produto.mercadolivre.com.br/MLB-5605462848-suporte-porta-controle-de-videogame-de-mesa-ps4-e-ps5-em-3d-_JM
Mercado Livre,Suporte De Mesa Para Controle Ps5 Playstation 5 Dualsense,29.0,Padrão,https://produto.mercadolivre.com.br/MLB-5404506782-suporte-de-mesa-para-controle-ps5-playstation-5-dualsense-_JM
Mercado Livre,Suporte Controle Ps5 Dualsense Organizador Gamer Mesa Cores,49.0,Frete Grátis,https://www.mercadolivre.com.br/suporte-controle-ps5-dualsense-organizador-gamer-mesa-cores/up/MLBU4181899092
Mercado Livre,Suporte De Mesa Duplo Compatível Com Controle Ps5 Dualsense,43.0,Frete Grátis,https://www.mercadolivre.com.br/suporte-de-mesa-duplo-compativel-com-controle-ps5-dualsense/p/MLB35200210
Mercado Livre,Suporte De Mesa Base Para Controles Ps5 Dualsense,19.0,Frete Grátis,https://produto.mercadolivre.com.br/MLB-3967105875-suporte-de-mesa-base-para-controles-ps5-dualsense-_JM
Mercado Livre,Suporte De Mesa Para 2 Controles Headset Xbox One X Sx Ps5 Cor Branco,33.0,Frete Grátis,https://www.mercadolivre.com.br/suporte-de-mesa-para-2-controles-headset-xbox-one-x-sx-ps5-cor-branco/p/MLB28591997
Mercado Livre,Suporte 2 Controles Compatível Playstation5 Ps5 De Mesa,39.0,Frete Grátis,https://www.mercadolivre.com.br/suporte-2-controles-compativel-playstation5-ps5-de-mesa/p/MLB50576494
Mercado Livre,Suporte Horizontal Compatível C/ Ps5 Fat C/ Disco Play5 Cor Preto Slim,42.0,Frete Grátis,https://click1.mercadolivre.com.br/mclics/clicks/external/MLB/count
Mercado Livre,Suporte Horizontal Compatível C/ Ps5 Fat Digital Play5,45.0,Frete Grátis,https://click1.mercadolivre.com.br/mclics/clicks/external/MLB/count
Mercado Livre,Suporte Mesa Base Vertical Para Playstation 5 Ps5 Todos,35.0,Frete Grátis,https://click1.mercadolivre.com.br/mclics/clicks/external/MLB/count
Mercado Livre,Suporte Duplo De Mesa Para Controles Dualsense Ps5,27.0,Frete Grátis,https://produto.mercadolivre.com.br/MLB-5276566370-suporte-duplo-de-mesa-para-controles-dualsense-ps5-_JM
Mercado Livre,Suporte Controle Gamer Garra 3d Ps5 Xbox Setup Geek Premium,249.0,Frete Grátis,https://www.mercadolivre.com.br/suporte-controle-gamer-garra-3d-ps5-xbox-setup-geek-premium/up/MLBU5079933627
Mercado Livre,Suporte de Mesa Para Controles PS5 Preto - SUPER 3D GAMES,24.0,Frete Grátis,https://www.mercadolivre.com.br/suporte-de-mesa-para-controles-ps5-preto-super-3d-games/p/MLB53965318
Mercado Livre,Suporte De Mesa 2 Controles E Headset Compatível Ps3 Ps4 Ps5,22.0,Frete Grátis,https://produto.mercadolivre.com.br/MLB-4052657973-suporte-de-mesa-2-controles-e-headset-compativel-ps3-ps4-ps5-_JM
Mercado Livre,Suporte Mesa Para Controle Ps5 Playstation 5,20.0,Frete Grátis,https://produto.mercadolivre.com.br/MLB-1735297291-suporte-mesa-para-controle-ps5-playstation-5-_JM
Mercado Livre,Suporte Mesa Porta Controle Vídeo Game Fone Ps4 Ps5 Xbox,69.0,Frete Grátis,https://www.mercadolivre.com.br/suporte-mesa-porta-controle-video-game-fone-ps4-ps5-xbox/up/MLBU5122882631
Mercado Livre,Suporte De Mesa Para 2 Controles Headset Xbox One X Sx Ps5 Cor Preto,33.0,Frete Grátis,https://www.mercadolivre.com.br/suporte-de-mesa-para-2-controles-headset-xbox-one-x-sx-ps5-cor-preto/p/MLB27074439
Mercado Livre,Suporte Duplo Para Controles Ps5 Ps4 Design Gamer Suporte,21.0,Frete Grátis,https://click1.mercadolivre.com.br/mclics/clicks/external/MLB/count
Mercado Livre,Suporte De Mesa Stand Compatível Com Controle Xbox One E Ps5 Cor Preto,26.0,Frete Grátis,https://click1.mercadolivre.com.br/mclics/clicks/external/MLB/count
Mercado Livre,Suporte Gamer Para Controle Ps5 Dualsense Organizador,34.0,Frete Grátis,https://click1.mercadolivre.com.br/mclics/clicks/external/MLB/count
Mercado Livre,Suporte Mesa Controle Ps4 Ps5 Xbox Headset 2 Controles 3d,31.0,Frete Grátis,https://click1.mercadolivre.com.br/mclics/clicks/external/MLB/count
